,date,symbol,cashAndCashEquivalents,shortTermInvestments,cashAndShortTermInvestments,netReceivables,inventory,otherCurrentAssets,totalCurrentAssets,propertyPlantEquipmentNet,goodwill,intangibleAssets,goodwillAndIntangibleAssets,longTermInvestments,taxAssets,otherNonCurrentAssets,totalNonCurrentAssets,otherAssets,totalAssets,accountPayables,shortTermDebt,taxPayables,deferredRevenue,otherCurrentLiabilities,totalCurrentLiabilities,longTermDebt,deferredRevenueNonCurrent,deferredTaxLiabilitiesNonCurrent,otherNonCurrentLiabilities,totalNonCurrentLiabilities,otherLiabilities,capitalLeaseObligations,totalLiabilities,preferredStock,commonStock,retainedEarnings,accumulatedOtherComprehensiveIncomeLoss,othertotalStockholdersEquity,totalStockholdersEquity,totalEquity,totalLiabilitiesAndStockholdersEquity,minorityInterest,totalLiabilitiesAndTotalEquity,totalInvestments,totalDebt,netDebt,ClosingStockPrice
0,2022-12-30,SU,1980000000.0,0.0,1980000000.0,6312000000.0,5058000000.0,1186000000.0,14536000000.0,64649000000.0,2892000000.0,694000000.0,3586000000.0,758000000.0,81000000.0,1008000000.0,70082000000.0,0.0,84618000000.0,8167000000.0,3124000000.0,484000000.0,0.0,1578000000.0,12869000000.0,12495000000.0,22000000.0,8445000000.0,11420000000.0,32382000000.0,0.0,3012000000.0,45251000000.0,0.0,22257000000.0,15565000000.0,974000000.0,571000000.0,39367000000.0,39367000000.0,84618000000.0,0.0,84618000000.0,758000000.0,15619000000.0,13639000000.0,30.23411750793457
1,2021-12-31,SU,2205000000.0,0.0,2205000000.0,4662000000.0,4110000000.0,0.0,10977000000.0,67772000000.0,2892000000.0,631000000.0,3523000000.0,391000000.0,160000000.0,916000000.0,72762000000.0,0.0,83739000000.0,6503000000.0,1825000000.0,1292000000.0,0.0,2071000000.0,10399000000.0,16529000000.0,29000000.0,9241000000.0,10927000000.0,36726000000.0,0.0,2850000000.0,47125000000.0,0.0,23650000000.0,11538000000.0,814000000.0,612000000.0,36614000000.0,36614000000.0,83739000000.0,0.0,83739000000.0,391000000.0,18354000000.0,16149000000.0,22.851823806762695
2,2020-12-31,SU,1885000000.0,0.0,1885000000.0,3884000000.0,3617000000.0,0.0,9386000000.0,70416000000.0,2892000000.0,436000000.0,3328000000.0,323000000.0,209000000.0,954000000.0,75230000000.0,0.0,84616000000.0,4684000000.0,5251000000.0,87000000.0,0.0,614000000.0,10549000000.0,16448000000.0,35000000.0,8967000000.0,12860000000.0,38310000000.0,0.0,2908000000.0,48859000000.0,0.0,25144000000.0,9145000000.0,877000000.0,591000000.0,35757000000.0,35757000000.0,84616000000.0,0.0,84616000000.0,323000000.0,21699000000.0,19814000000.0,14.749186515808105
3,2019-12-31,SU,1960000000.0,0.0,1960000000.0,4185000000.0,3761000000.0,0.0,9906000000.0,75068000000.0,2892000000.0,166000000.0,3058000000.0,289000000.0,209000000.0,905000000.0,79529000000.0,0.0,89435000000.0,6555000000.0,2465000000.0,886000000.0,1207000000.0,310000000.0,10537000000.0,15505000000.0,40000000.0,10176000000.0,11135000000.0,36856000000.0,0.0,2931000000.0,47393000000.0,0.0,25167000000.0,15410000000.0,899000000.0,566000000.0,42042000000.0,42042000000.0,89435000000.0,0.0,89435000000.0,289000000.0,17970000000.0,16010000000.0,27.656496047973633
4,2018-12-31,SU,2221000000.0,0.0,2221000000.0,3320000000.0,3159000000.0,0.0,8700000000.0,76564000000.0,2892000000.0,169000000.0,3061000000.0,237000000.0,128000000.0,889000000.0,80879000000.0,0.0,89579000000.0,5647000000.0,3460000000.0,535000000.0,535000000.0,667000000.0,10309000000.0,13890000000.0,46000000.0,12045000000.0,9284000000.0,35265000000.0,0.0,1222000000.0,45574000000.0,0.0,25910000000.0,16479000000.0,1076000000.0,540000000.0,44005000000.0,44005000000.0,89579000000.0,0.0,89579000000.0,237000000.0,17350000000.0,15129000000.0,22.650136947631836
5,2022-12-30,CVE,4524000000.0,0.0,4524000000.0,3594000000.0,4312000000.0,402000000.0,12430000000.0,39029000000.0,2923000000.0,19000000.0,2942000000.0,420000000.0,546000000.0,502000000.0,43439000000.0,0.0,55869000000.0,6124000000.0,423000000.0,1211000000.0,0.0,1474000000.0,8021000000.0,11219000000.0,45000000.0,4283000000.0,4712000000.0,20259000000.0,0.0,2836000000.0,28280000000.0,519000000.0,16320000000.0,6392000000.0,1470000000.0,2875000000.0,27576000000.0,27589000000.0,55869000000.0,13000000.0,55869000000.0,420000000.0,11642000000.0,7118000000.0,18.985759735107422
6,2021-12-31,CVE,2873000000.0,0.0,2873000000.0,3892000000.0,3919000000.0,1304000000.0,11988000000.0,36955000000.0,3473000000.0,78000000.0,3551000000.0,441000000.0,694000000.0,475000000.0,42116000000.0,0.0,54104000000.0,6353000000.0,351000000.0,179000000.0,179000000.0,422000000.0,7305000000.0,15070000000.0,41000000.0,3286000000.0,4794000000.0,23191000000.0,0.0,2957000000.0,30496000000.0,519000000.0,17016000000.0,878000000.0,684000000.0,4499000000.0,23596000000.0,23608000000.0,54104000000.0,12000000.0,54104000000.0,441000000.0,15421000000.0,12548000000.0,11.817562103271484
7,2020-12-31,CVE,378000000.0,0.0,378000000.0,1388000000.0,1089000000.0,121000000.0,2976000000.0,27173000000.0,2272000000.0,89000000.0,2361000000.0,149000000.0,36000000.0,75000000.0,29794000000.0,0.0,32770000000.0,608000000.0,305000000.0,0.0,1410000000.0,36000000.0,2359000000.0,9014000000.0,1411000000.0,3234000000.0,45000000.0,13704000000.0,0.0,1757000000.0,16063000000.0,0.0,11040000000.0,501000000.0,775000000.0,4391000000.0,16707000000.0,16707000000.0,32770000000.0,0.0,32770000000.0,149000000.0,9319000000.0,8941000000.0,5.772466659545898
8,2019-12-31,CVE,186000000.0,0.0,186000000.0,1561000000.0,1532000000.0,5000000.0,3284000000.0,29946000000.0,2272000000.0,101000000.0,2272000000.0,52000000.0,-52000000.0,211000000.0,32429000000.0,0.0,35713000000.0,2210000000.0,196000000.0,17000000.0,34000000.0,81000000.0,2521000000.0,8419000000.0,1457000000.0,4032000000.0,83000000.0,13991000000.0,0.0,1916000000.0,16512000000.0,0.0,11040000000.0,2957000000.0,827000000.0,4377000000.0,19201000000.0,19201000000.0,35713000000.0,0.0,35713000000.0,52000000.0,8615000000.0,8429000000.0,9.555397033691406
9,2018-12-31,CVE,781000000.0,0.0,781000000.0,1238000000.0,1013000000.0,208000000.0,3195000000.0,29483000000.0,2272000000.0,0.0,2272000000.0,38000000.0,122000000.0,64000000.0,31979000000.0,0.0,35174000000.0,1833000000.0,682000000.0,17000000.0,17000000.0,68000000.0,2600000000.0,8482000000.0,1604000000.0,4861000000.0,159000000.0,15106000000.0,0.0,0.0,17706000000.0,0.0,11040000000.0,1023000000.0,1038000000.0,4367000000.0,17468000000.0,17468000000.0,35174000000.0,0.0,35174000000.0,38000000.0,9164000000.0,8383000000.0,6.529032230377197
10,2022-12-30,CNQ,920000000.0,491000000.0,1411000000.0,3555000000.0,1815000000.0,61000000.0,7057000000.0,68532000000.0,0.0,0.0,0.0,0.0,0.0,553000000.0,69085000000.0,0.0,76142000000.0,1341000000.0,404000000.0,1324000000.0,0.0,6906000000.0,8651000000.0,11041000000.0,0.0,10114000000.0,8161000000.0,29316000000.0,0.0,0.0,37967000000.0,0.0,10294000000.0,27672000000.0,209000000.0,0.0,38175000000.0,38175000000.0,76142000000.0,0.0,76142000000.0,491000000.0,11445000000.0,10525000000.0,52.95648193359375
11,2021-12-31,CNQ,744000000.0,309000000.0,1053000000.0,3111000000.0,1548000000.0,35000000.0,5942000000.0,70158000000.0,0.0,0.0,0.0,0.0,0.0,565000000.0,70723000000.0,0.0,76665000000.0,803000000.0,1000000000.0,1607000000.0,4671000000.0,948000000.0,7422000000.0,13694000000.0,0.0,10220000000.0,8384000000.0,32298000000.0,0.0,1584000000.0,39720000000.0,0.0,10168000000.0,26778000000.0,-1000000.0,0.0,36945000000.0,36945000000.0,76665000000.0,0.0,76665000000.0,309000000.0,14694000000.0,13950000000.0,37.061946868896484
12,2020-12-31,CNQ,184000000.0,305000000.0,489000000.0,2499000000.0,1060000000.0,82000000.0,4361000000.0,69833000000.0,0.0,0.0,0.0,0.0,0.0,1082000000.0,70915000000.0,0.0,75276000000.0,667000000.0,1343000000.0,0.0,2346000000.0,722000000.0,5078000000.0,20110000000.0,0.0,10144000000.0,7564000000.0,37818000000.0,0.0,1879000000.0,42896000000.0,0.0,9606000000.0,22766000000.0,8000000.0,0.0,32380000000.0,32380000000.0,75276000000.0,0.0,75276000000.0,305000000.0,21453000000.0,21269000000.0,20.191205978393555
13,2019-12-31,CNQ,139000000.0,490000000.0,629000000.0,2478000000.0,1152000000.0,54000000.0,4487000000.0,72411000000.0,0.0,0.0,0.0,0.0,0.0,1223000000.0,73634000000.0,0.0,78121000000.0,816000000.0,2391000000.0,0.0,2611000000.0,819000000.0,6637000000.0,18591000000.0,0.0,10539000000.0,7363000000.0,36493000000.0,0.0,2042000000.0,43130000000.0,0.0,9533000000.0,25424000000.0,34000000.0,0.0,34991000000.0,34991000000.0,78121000000.0,0.0,78121000000.0,490000000.0,20982000000.0,20843000000.0,24.94506072998047
14,2018-12-31,CNQ,101000000.0,524000000.0,625000000.0,1148000000.0,955000000.0,116000000.0,3020000000.0,67196000000.0,0.0,0.0,0.0,287000000.0,0.0,1056000000.0,68539000000.0,0.0,71559000000.0,779000000.0,1141000000.0,151000000.0,151000000.0,2691000000.0,4762000000.0,19482000000.0,0.0,11451000000.0,3890000000.0,34823000000.0,0.0,0.0,39585000000.0,0.0,9323000000.0,22529000000.0,122000000.0,0.0,31974000000.0,31974000000.0,71559000000.0,0.0,71559000000.0,811000000.0,20623000000.0,20522000000.0,17.853063583374023
15,2022-12-30,TRP,620000000.0,0.0,620000000.0,3624000000.0,936000000.0,2152000000.0,7332000000.0,77835000000.0,12843000000.0,0.0,12843000000.0,9535000000.0,1070000000.0,5733000000.0,107016000000.0,0.0,114348000000.0,7149000000.0,8160000000.0,0.0,62000000.0,1536000000.0,16907000000.0,50140000000.0,32000000.0,7648000000.0,5505000000.0,63325000000.0,0.0,379000000.0,80232000000.0,2499000000.0,28995000000.0,819000000.0,955000000.0,722000000.0,33990000000.0,34116000000.0,114348000000.0,126000000.0,114348000000.0,9535000000.0,58300000000.0,57680000000.0,37.09792709350586
16,2021-12-31,TRP,673000000.0,0.0,673000000.0,4309000000.0,724000000.0,1717000000.0,7423000000.0,70182000000.0,12582000000.0,0.0,12582000000.0,8441000000.0,509000000.0,5081000000.0,96795000000.0,0.0,104218000000.0,5099000000.0,6486000000.0,0.0,90000000.0,1366000000.0,13041000000.0,46280000000.0,184000000.0,6142000000.0,5175000000.0,57781000000.0,0.0,380000000.0,70822000000.0,3487000000.0,26716000000.0,3773000000.0,-1434000000.0,729000000.0,33271000000.0,33396000000.0,104218000000.0,125000000.0,104218000000.0,8441000000.0,52766000000.0,52093000000.0,40.87307357788086
17,2020-12-31,TRP,1530000000.0,0.0,1530000000.0,2162000000.0,629000000.0,880000000.0,5201000000.0,69775000000.0,12679000000.0,0.0,12679000000.0,6677000000.0,177000000.0,5791000000.0,95099000000.0,0.0,100300000000.0,3816000000.0,6148000000.0,0.0,129000000.0,1894000000.0,11987000000.0,43411000000.0,203000000.0,5806000000.0,5420000000.0,54840000000.0,0.0,427000000.0,66827000000.0,3980000000.0,24488000000.0,5367000000.0,-2439000000.0,2000000.0,31398000000.0,33473000000.0,100300000000.0,2075000000.0,100300000000.0,6677000000.0,49559000000.0,48029000000.0,33.78310012817383
18,2019-12-31,TRP,1343000000.0,0.0,1343000000.0,2422000000.0,452000000.0,627000000.0,7651000000.0,65489000000.0,12887000000.0,2168000000.0,15055000000.0,6506000000.0,37000000.0,4541000000.0,91628000000.0,0.0,99279000000.0,4544000000.0,7005000000.0,0.0,120000000.0,1230000000.0,12899000000.0,42894000000.0,226000000.0,5703000000.0,5160000000.0,53983000000.0,0.0,476000000.0,66882000000.0,3980000000.0,24387000000.0,3955000000.0,-1559000000.0,0.0,30763000000.0,32397000000.0,99279000000.0,1634000000.0,99279000000.0,6506000000.0,49899000000.0,48556000000.0,41.754249572753906
19,2018-12-31,TRP,446000000.0,0.0,446000000.0,2535000000.0,431000000.0,1180000000.0,5135000000.0,66503000000.0,14178000000.0,1921000000.0,16099000000.0,7113000000.0,322000000.0,3748000000.0,93785000000.0,0.0,98920000000.0,5408000000.0,6224000000.0,0.0,-870000000.0,2184000000.0,12946000000.0,44017000000.0,0.0,6026000000.0,4938000000.0,54981000000.0,0.0,0.0,67927000000.0,3980000000.0,23174000000.0,2773000000.0,-606000000.0,17000000.0,29338000000.0,30993000000.0,98920000000.0,1655000000.0,98920000000.0,7113000000.0,50241000000.0,49795000000.0,26.71483039855957
20,2022-12-30,IMO,3749000000.0,0.0,3749000000.0,4719000000.0,2268000000.0,754000000.0,10736000000.0,30506000000.0,166000000.0,1223000000.0,166000000.0,893000000.0,4713000000.0,-3490000000.0,32788000000.0,0.0,43524000000.0,6194000000.0,122000000.0,2582000000.0,0.0,2582000000.0,8898000000.0,4184000000.0,0.0,4713000000.0,3316000000.0,12213000000.0,0.0,737000000.0,21111000000.0,0.0,1079000000.0,21846000000.0,-512000000.0,0.0,22413000000.0,22413000000.0,43524000000.0,0.0,43524000000.0,893000000.0,4306000000.0,557000000.0,47.41776657104492
21,2021-12-31,IMO,2153000000.0,0.0,2153000000.0,3869000000.0,1791000000.0,689000000.0,7813000000.0,31240000000.0,166000000.0,806000000.0,166000000.0,757000000.0,4542000000.0,-3736000000.0,32969000000.0,0.0,40782000000.0,5184000000.0,122000000.0,248000000.0,0.0,248000000.0,5554000000.0,5201000000.0,3154000000.0,4542000000.0,596000000.0,13493000000.0,0.0,754000000.0,19047000000.0,0.0,1252000000.0,21660000000.0,-1177000000.0,0.0,21735000000.0,21735000000.0,40782000000.0,0.0,40782000000.0,757000000.0,5323000000.0,3170000000.0,34.35976791381836
22,2020-12-31,IMO,771000000.0,0.0,771000000.0,1919000000.0,1834000000.0,673000000.0,4524000000.0,32034000000.0,166000000.0,526000000.0,166000000.0,781000000.0,4176000000.0,-3650000000.0,33507000000.0,0.0,38031000000.0,3153000000.0,227000000.0,0.0,-3153000000.0,3153000000.0,3380000000.0,5052000000.0,3826000000.0,4176000000.0,179000000.0,13233000000.0,0.0,605000000.0,16613000000.0,0.0,1357000000.0,22050000000.0,-1989000000.0,0.0,21418000000.0,21418000000.0,38031000000.0,0.0,38031000000.0,781000000.0,5279000000.0,4508000000.0,17.59443473815918
23,2019-12-31,IMO,1718000000.0,0.0,1718000000.0,2699000000.0,1912000000.0,616000000.0,6329000000.0,34203000000.0,186000000.0,578000000.0,186000000.0,891000000.0,4718000000.0,-4140000000.0,35858000000.0,0.0,42187000000.0,4260000000.0,229000000.0,106000000.0,0.0,106000000.0,4595000000.0,5104000000.0,3275000000.0,4718000000.0,219000000.0,13316000000.0,0.0,657000000.0,17911000000.0,0.0,1375000000.0,24812000000.0,-1911000000.0,0.0,24276000000.0,24276000000.0,42187000000.0,0.0,42187000000.0,891000000.0,5333000000.0,3615000000.0,23.57581901550293
24,2018-12-31,IMO,988000000.0,0.0,988000000.0,2529000000.0,1838000000.0,541000000.0,5355000000.0,34225000000.0,186000000.0,833000000.0,186000000.0,857000000.0,5091000000.0,-4258000000.0,36101000000.0,0.0,41456000000.0,3688000000.0,202000000.0,65000000.0,0.0,65000000.0,3955000000.0,4978000000.0,2708000000.0,5091000000.0,235000000.0,13012000000.0,0.0,531000000.0,16967000000.0,0.0,1446000000.0,24560000000.0,-1517000000.0,0.0,24489000000.0,24489000000.0,41456000000.0,0.0,41456000000.0,857000000.0,5180000000.0,4192000000.0,22.00107192993164
25,2022-12-30,ENB,861000000.0,0.0,861000000.0,7366000000.0,2255000000.0,604000000.0,12147000000.0,104460000000.0,32440000000.0,4018000000.0,36458000000.0,15936000000.0,472000000.0,10135000000.0,167461000000.0,0.0,179608000000.0,5340000000.0,8041000000.0,683000000.0,0.0,6920000000.0,20301000000.0,72939000000.0,0.0,13781000000.0,9189000000.0,95909000000.0,0.0,0.0,116210000000.0,6818000000.0,64760000000.0,-15486000000.0,3520000000.0,275000000.0,59887000000.0,63398000000.0,179608000000.0,3511000000.0,179608000000.0,15936000000.0,80980000000.0,80119000000.0,36.436065673828125
26,2021-12-31,ENB,286000000.0,0.0,286000000.0,6181000000.0,1670000000.0,259000000.0,8959000000.0,100067000000.0,32775000000.0,4008000000.0,36783000000.0,13324000000.0,488000000.0,9243000000.0,159905000000.0,0.0,168864000000.0,4560000000.0,7679000000.0,478000000.0,5273000000.0,717000000.0,18229000000.0,67961000000.0,0.0,11689000000.0,7617000000.0,87267000000.0,0.0,0.0,105496000000.0,7747000000.0,64799000000.0,-10989000000.0,-1096000000.0,365000000.0,60826000000.0,63368000000.0,168864000000.0,2542000000.0,168864000000.0,13324000000.0,75640000000.0,75354000000.0,34.22642135620117
27,2020-12-31,ENB,452000000.0,0.0,452000000.0,5001000000.0,1536000000.0,361000000.0,7350000000.0,94571000000.0,32700000000.0,2080000000.0,34780000000.0,13818000000.0,770000000.0,8999000000.0,152938000000.0,-12000000.0,160276000000.0,3519000000.0,4078000000.0,622000000.0,5486000000.0,896000000.0,13979000000.0,62819000000.0,0.0,10332000000.0,8783000000.0,81934000000.0,0.0,0.0,95913000000.0,7747000000.0,64768000000.0,-9995000000.0,-1401000000.0,248000000.0,61367000000.0,64363000000.0,160276000000.0,2996000000.0,160276000000.0,13818000000.0,66897000000.0,66445000000.0,26.16108512878418
28,2019-12-31,ENB,648000000.0,0.0,648000000.0,6523000000.0,1299000000.0,355000000.0,8825000000.0,93723000000.0,33153000000.0,2173000000.0,35326000000.0,16528000000.0,1000000000.0,7867000000.0,154444000000.0,0.0,163269000000.0,4557000000.0,5302000000.0,890000000.0,5231000000.0,920000000.0,16010000000.0,59661000000.0,0.0,9867000000.0,8324000000.0,77852000000.0,0.0,0.0,93862000000.0,7747000000.0,64746000000.0,-6314000000.0,-272000000.0,136000000.0,66043000000.0,69407000000.0,163269000000.0,3364000000.0,163269000000.0,16528000000.0,64963000000.0,64315000000.0,30.278078079223633
29,2018-12-31,ENB,518000000.0,0.0,518000000.0,6098000000.0,1339000000.0,617000000.0,8572000000.0,94540000000.0,34459000000.0,2372000000.0,36831000000.0,16707000000.0,1374000000.0,8881000000.0,158333000000.0,0.0,166905000000.0,4644000000.0,4283000000.0,801000000.0,0.0,5928000000.0,14855000000.0,60327000000.0,0.0,9454000000.0,8834000000.0,78615000000.0,0.0,0.0,93470000000.0,7747000000.0,64677000000.0,-5538000000.0,2672000000.0,-88000000.0,69470000000.0,73435000000.0,166905000000.0,3965000000.0,166905000000.0,16707000000.0,64610000000.0,64092000000.0,22.587324142456055
30,2022-12-30,PPL,482166400.0,0.0,482166400.0,2164331200.0,599999200.0,578328800.0,3824825600.0,40954347200.0,3044691200.0,423927200.0,3468618400.0,0.0,2708800.0,2995932800.0,47421607200.0,0.0,51246432800.0,1626634400.0,1813541600.0,167945600.0,0.0,1691645600.0,5131821600.0,17456861600.0,0.0,4231145600.0,5576064800.0,27264072000.0,0.0,0.0,32395893600.0,0.0,16692980000.0,3631146400.0,-167945600.0,-1309704800.0,18846476000.0,18850539200.0,51246432800.0,4063200.0,51246432800.0,0.0,19270403200.0,18788236800.0,38.14188519439698
31,2021-12-31,PPL,4527313800.0,0.0,4527313800.0,1201874400.0,408231600.0,210454800.0,6347874600.0,32290866000.0,907744800.0,434855400.0,1342600200.0,-1308369600.0,1308369600.0,2138778600.0,35772244800.0,0.0,42120119400.0,860836200.0,688415400.0,121708800.0,0.0,1395847800.0,2945099400.0,13522354800.0,0.0,4145706000.0,4108939800.0,21777000600.0,0.0,0.0,24722100000.0,0.0,15607885800.0,3260781600.0,-199044600.0,-1271603400.0,17398019400.0,17398019400.0,42120119400.0,0.0,42120119400.0,-1308369600.0,14210770200.0,9683456400.0,35.57830490570068
32,2020-12-31,PPL,901425600.0000001,0.0,901425600.0000001,1755742800.0000002,459625200.00000006,287743200.0,3524217600.0000005,49517294400.00001,4168456800.0000005,972724800.0000001,5141181600.0,-351403200.00000006,351403200.00000006,3078597600.0000005,57737073600.00001,0.0,61261291200.00001,1228638000.0,4120075200.0000005,115861200.00000001,381960000.00000006,1879243200.0000002,7609916400.000001,27441279600.000004,0.0,4698108000.0,4485483600.0,36624871200.0,0.0,0.0,44234787600.0,0.0,15632349600.000002,6767058000.000001,-5372904000.0,0.0,17026503600.000002,17026503600.000002,61261291200.00001,0.0,61261291200.00001,-351403200.00000006,31561354800.000004,30659929200.000004,31.65303984832764
33,2019-12-31,PPL,1058522000.0,0.0,1058522000.0,1683244800.0,431201600.0,229887600.0,3593779600.0,47382821600.0,4153562400.0,965008400.0,5117272000.0,-407823200.0,407823200.0,3235310800.0,55735404400.0,0.0,59329184000.0,1241652800.0,3017112400.0,128581200.0,338986800.0,1766368000.0,6364120000.0,26912434800.0,0.0,4171745600.0,5008172800.0,36092353200.0,0.0,0.0,42456473200.0,0.0,15873933600.0,6658947600.0,-5660170400.0,0.0,16872710800.0,16872710800.0,59329184000.0,0.0,59329184000.0,-407823200.0,29929547200.0,28871025200.0,38.842334113311765
34,2018-12-31,PPL,847168200.0,0.0,847168200.0,1727077200.0,413352600.0,181438600.0,3317734400.0,47007603600.0,4313600400.0,978131400.0,5290367600.0,2915295400.0,407895800.0,261926400.00000003,55883088800.0,0.0,59200823200.0,1349193800.0,2673832000.0,150062000.0,350599400.0,1851219400.0,6224844600.0,27378129800.0,0.0,3986192400.0,5709177000.0,37073499200.0,0.0,0.0,43298343800.0,0.0,15044397600.0,6265770600.0,-5407688800.0,0.0,15902479400.0,15902479400.0,59200823200.0,0.0,59200823200.0,2915295400.0,30051961800.0,29204793600.0,30.578447974777223
35,2022-12-30,KEY,1201352800.0,56273965600.0,6167937600.0,17822549600.0,0.0,0.0,23947146400.0,861398400.0,3727308800.0,127313600.0,3854622400.0,70965142400.0,0.0,-18961600.0,75662201600.0,157473379200.0,257082727200.0,0.0,7294798400.0,0.0,0.0,-7294798400.0,7294798400.0,33444199200.0,0.0,0.0,-26149400800.0,7294798400.0,224271032800.0,8126400.0,238860629600.0,3386000000.0,1702480800.0,21150310400.0,-8525948000.0,509254400.0,18222097600.0,18222097600.0,257082727200.0,0.0,257082727200.0,75912765600.0,40738997600.0,39537644800.0,22.04408139038086
36,2021-12-31,KEY,1157501400.0,71470957200.0,72628458600.0,15638313000.0,0.0,0.0,88266771600.0,863371800.0,3414185400.0,164814000.0,3578999400.0,82727753400.0,0.0,-87170124600.0,87170124600.0,60812562600.0,236249458800.0,0.0,745466400.0,0.0,0.0,-745466400.0,745466400.0,16012314000.0,0.0,0.0,-16012314000.0,16012314000.0,197402799000.0,10142400.0,214160579400.0,2408820000.0,1593624600.0,18450293400.0,-742930800.0,379072200.0,22088879400.0,22088879400.0,236249458800.0,0.0,236249458800.0,154198710600.0,16012314000.0,14854812600.0,26.34919398994446
37,2020-12-31,KEY,1389061200.0000002,55702500000.00001,57091561200.00001,14229283200.000002,0.0,0.0,71320844400.0,958719600.0000001,3391804800.0000005,239361600.00000003,3631166400.0000005,67098913200.00001,0.0,-71688799200.0,71688799200.0,73862151600.0,216871795200.00003,0.0,966358800.0000001,0.0,0.0,-966358800.0000001,966358800.0000001,18420657600.0,0.0,0.0,-18420657600.0,18420657600.0,174591369600.0,15278400.000000002,193978386000.00003,2419080000.0,1600412400.0000002,16234573200.000002,939621600.0000001,1699722000.0000002,22893409200.000004,22893409200.000004,216871795200.00003,0.0,216871795200.00003,122801413200.00002,18420657600.0,17031596400.000002,18.134045575332642
38,2019-12-31,KEY,950721600.0,30021762000.0,30972483600.0,13224381600.0,0.0,0.0,44196865200.0,1057223200.0,3460003200.0,328596400.0,3788599600.0,45233307600.0,0.0,-50079130400.0,50079130400.0,94034418800.0,188310414400.0,0.0,915654000.0,0.0,0.0,-915654000.0,915654000.0,17083116400.0,0.0,0.0,-17083116400.0,17083116400.0,148182689600.0,16884400.0,166181460000.0,2467720000.0,1632591600.0,16194737200.0,33768800.0,1800136800.0,22128954400.0,22128954400.0,188310414400.0,0.0,188310414400.0,75255069600.0,17083116400.0,16132394800.0,21.636191967010497
39,2018-12-31,KEY,924927600.0,29998758000.0,4627366400.0,11790780600.0,-49111200.0,121278744200.0,137647780000.0,1203224400.0,3432327200.0,431087200.0,3863414400.0,47779740800.0,0.0,-34105000.0,52812274600.0,0.0,190460054600.0,0.0,742124800.0,0.0,0.0,0.0,742124800.0,19475319200.0,0.0,0.0,-742124800.0,18733194400.0,149708672200.0,21827200.0,169183991400.0,1978090000.0,1714799400.0,15764695200.0,-1115915600.0,2933030000.0,21274699000.0,21276063200.0,190460054600.0,1364200.0,190460054600.0,51448074600.0,19475319200.0,18550391600.0,15.923205108833313
40,2022-12-30,XOM,40144416000.0,0.0,40144416000.0,56544845600.0,33094764000.0,2413540800.0,132231426400.0,277234844800.0,0.0,22958434400.0,22958434400.0,67439639200.0,30980545600.0,-30980545600.0,367632918400.0,0.0,499864344800.0,85594016800.0,858689600.0,7061841600.0,-78532175200.0,85594016800.0,93514548000.0,54933109600.0,16771535200.0,30980545600.0,29435175200.0,132120365600.0,0.0,4468165600.0,225634913600.0,0.0,21334508800.0,586265584000.0,-17972888000.0,-325452839200.0,264174365600.0,274229431200.0,499864344800.0,10055065600.0,499864344800.0,67439639200.0,55791799200.0,15647383200.0,144.45821130981446
41,2021-12-31,XOM,8623575600.0,0.0,8623575600.0,41055167400.0,23809284000.0,1507414200.0,74995441200.0,274544625600.0,0.0,22848291600.0,22848291600.0,57298221000.0,25565187000.0,-25565187000.0,354691138200.0,0.0,429686579400.0,33752639400.0,5421112800.0,6969096600.0,0.0,32638243200.0,71811995400.0,55058018400.0,26987658600.0,25565187000.0,27532812600.0,135143676600.0,0.0,2232595800.0,206955672000.0,0.0,19962778800.0,497052400200.0,-17449999200.0,-285843259200.0,213721920600.0,222730907400.0,429686579400.0,9008986800.0,429686579400.0,57298221000.0,60479131200.0,51855555600.0,72.153172265625
42,2020-12-31,XOM,5556244800.000001,0.0,5556244800.000001,26203729200.000004,23999820000.000004,1397973600.0000002,57157767600.00001,289720479600.0,0.0,21375754800.0,21375754800.0,55403298000.00001,23127678000.000004,-23127678000.000004,366499532400.00006,0.0,423657300000.00006,22279726800.000004,26047125600.000004,5209934400.0,0.0,23434519200.000004,71761371600.0,60072122400.00001,32680497600.000004,23127678000.000004,27045314400.000004,142925612400.0,0.0,2138976000.0000002,214686984000.00003,0.0,19973961600.0,488836227600.00006,-21268806000.0,-287458003200.0,200083380000.00003,208970316000.00003,423657300000.00006,8886936000.0,423657300000.00006,55403298000.00001,86119248000.0,80563003200.0,45.98461197052002
43,2019-12-31,XOM,4011993200.0,0.0,4011993200.0,35023440800.0,24064166400.0,1907937200.0,65007537600.0,328619778400.0,0.0,21252264400.0,21252264400.0,56061403200.0,33275256000.0,-33275256000.0,405933446000.0,0.0,470940983600.0,32072567200.0,26726706400.0,6339442800.0,0.0,24309639600.0,83108913200.0,34212989600.0,34148049600.0,33275256000.0,27815100800.0,129451396000.0,0.0,2168996000.0,212560309200.0,0.0,20309335600.0,547237690800.0,-25317508400.0,-293314498000.0,248915020000.0,258380674400.0,470940983600.0,9465654400.0,470940983600.0,56061403200.0,60939696000.0,56927702800.0,73.53812893066406
44,2018-12-31,XOM,4149896400.0000005,0.0,4149896400.0000005,33697104200.000004,25862503600.0,1735262400.0,65444766600.0,337095184200.0,0.0,14094914400.0,14094914400.0,55645718000.0,37166264800.0,-37166264800.0,406835816600.0,0.0,472280583200.0,28734144600.0,23543363600.0,8037866400.0,0.0,25670151400.0,77947659600.0,28017939600.0,33632986800.000004,37166264800.0,24683834800.0,123501026000.0,0.0,1777552600.0,201448685600.0,0.0,20814963600.0,575219022600.0,-26689208800.0,-307699402600.0,261645374800.0,270831897600.00003,472280583200.0,9186522800.0,472280583200.0,55645718000.0,51561303200.0,47411406800.0,72.03117444992066
45,2022-12-30,CVX,23943083200.0,302031200.0,24245114400.0,27705606400.0,11169736800.0,5064101600.0,68184559200.0,200252103200.0,6395476800.0,0.0,6395476800.0,61270347200.0,23202226400.0,-23202226400.0,267917927200.0,12938583200.0,349041069600.0,25672652000.0,2660041600.0,7859583200.0,0.0,17998621600.0,46331315200.0,28404476800.0,27624342400.0,23202226400.0,-50826568800.0,28404476800.0,57273512800.0,545823200.0,132009304800.0,44118225600.0,2481260800.0,257368505600.0,-4114667200.0,-40003558400.0,259849766400.0,261149990400.0,349041069600.0,1300224000.0,349041069600.0,61572378400.0,31610341600.0,7667258400.0,233.910662487793
46,2021-12-31,CVX,7150392000.0,44373000.0,7194765000.0,23351608200.0,8614701000.0,4233184200.0,42773036400.0,190967446200.0,5559303000.0,0.0,5559303000.0,51594388800.0,-973670400.0,973670400.0,248121138000.0,12788298600.0,303682473000.0,20860381200.0,324556800.0,3941590200.0,0.0,12780691800.0,33965629800.0,38875819200.0,26342348400.0,18592287000.0,-44934635400.0,38875819200.0,53425092000.0,569242200.0,126266541000.0,35892685800.0,2322609600.0,209879218800.0,-5234746200.0,-30657939600.0,212201828400.0,213308617800.0,303682473000.0,1106789400.0,303682473000.0,51638761800.0,39769618200.0,32619226200.0,138.1744627670288
47,2020-12-31,CVX,7124827200.000001,39469200.0,7164296400.000001,14604877200.000002,7226683200.000001,4206652800.0000005,33202509600.000004,204433904400.00003,5604626400.000001,0.0,5604626400.000001,49721006400.00001,-1401793200.0000002,1401793200.0000002,259759537200.00003,12338581200.000002,305300628000.0,13941540000.000002,1970913600.0000002,2384703600.0,0.0,12330942000.000002,28243395600.000004,53881824000.00001,25881609600.000004,16002850800.000002,-41884460400.0,53881824000.00001,54188665200.00001,569120400.0,136313884800.00002,38859337200.0,2332502400.0,204191996400.00003,-7450766400.000001,-31408570800.000004,206524498800.00003,207846080400.00003,305300628000.0,1321581600.0,305300628000.0,49760475600.00001,56421858000.00001,49297030800.00001,94.88631016845704
48,2019-12-31,CVX,7384976800.0,81824400.0,7466801200.0,17306510000.0,7595382400.0,4506836000.0,36793705200.0,200752918400.0,5796544400.0,0.0,5796544400.0,50247974400.0,-4430206800.0,4430206800.0,256797437200.0,14780344000.0,308371486400.0,18316976400.0,4262661600.0,3319732800.0,0.0,11877526000.0,34457164000.0,30403609200.0,26553966000.0,17777974400.0,-44331940400.0,30403609200.0,54914562800.0,366261600.0,119775336000.0,42294123200.0,2379401600.0,227218566000.0,-6792724000.0,-35501399200.0,229597967600.0,230890273600.0,308371486400.0,1292306000.0,308371486400.0,50329798800.0,35032532400.0,27647555600.0,130.71834591064453
49,2018-12-31,CVX,12744356400.0,1368292600.0,14112649000.0,20531210000.0,7781396800.0,3986192400.0,46411448200.0,230832189400.0,6163455600.0,0.0,6163455600.0,48491853200.0,0.0,0.0,285487498200.0,14420958200.0,346319904600.0,19034682600.0,7811409200.0,0.0,0.0,10220586400.0,37066678200.0,39024305200.0,0.0,0.0,0.0,39024305200.0,57902104800.0,0.0,133993088200.00002,38559113000.0,2499214400.0,246902465400.0,-5162132800.0,-33396980200.000004,249401679800.0,250885929400.0,346319904600.0,1484249600.0,346319904600.0,49860145800.0,47008967800.0,34264611400.000004,119.1083507095337
50,2022-12-30,SHEL,54509182400.0,32321401600.0,54509182400.0,127040011200.0,43197233600.0,-1354400.0,224745072800.0,269040724800.0,21723221600.0,13086212800.0,34809434400.0,4553492800.0,10584636000.0,56298344800.0,375286632800.0,0.0,600031705600.0,107481120800.0,12190954400.0,6594573600.0,0.0,44630188800.0,164302264000.0,101300993600.0,0.0,21922318400.0,51651398400.0,174874710400.0,0.0,37439679200.0,339176974400.0,0.0,790969600.0,229546420800.0,0.0,27637886400.0,257975276800.0,260854731200.0,600031705600.0,2879454400.0,600031705600.0,36874894400.0,113491948000.0,58982765600.0,74.14675055236816
51,2021-12-31,SHEL,46871833800.0,0.0,46871833800.0,84356876400.0,32022092400.0,-1267800.0,163249534800.0,247134789600.0,18915576000.0,12390209400.0,31305785400.0,0.0,15753682800.0,55229171400.0,349423429200.0,0.0,512672964000.0,80090729400.0,10418780400.0,4125421200.0,30623709000.0,1267800.0,121134486600.0,102524450400.0,50827369800.0,15907086600.0,1267800.0,169260174600.0,0.0,34873374600.0,290394661200.0,0.0,812659800.0,194006362800.0,0.0,23198204400.0,218017227000.0,222278302800.0,512672964000.0,4261075800.0,512672964000.0,34499373600.0,112943230800.0,66071397000.0,51.48397559967041
52,2020-12-31,SHEL,40525956000.0,-16449744000.000002,40525956000.0,50174265600.00001,24772652400.000004,-1273200.0,115471600800.00002,268450400400.00003,18017053200.0,11039917200.0,29056970400.000004,49136607600.00001,20767165200.0,-1273200.0,367409870400.00006,1273200.0,482882744400.00006,53063156400.00001,21515806800.0,7646839200.000001,19575450000.0,-1273200.0,94153140000.00002,116007618000.00002,0.0,13321491600.000002,57551186400.00001,186880296000.00003,0.0,36184344000.0,281033436000.0,0.0,828853200.0000001,181578691200.00003,0.0,15333147600.000002,197740692000.00003,201849308400.00003,482882744400.00006,4108616400.0000005,482882744400.00006,32686863600.000004,137523424800.0,96997468800.00002,40.25936945343018
53,2019-12-31,SHEL,23448535200.0,-17522110800.0,23448535200.0,65671224400.0,31263414800.0,1298800.0,120384473200.0,309567681200.0,18449454000.0,12054162800.0,30503616800.0,51027254400.0,13668571200.0,1298800.0,404768422400.0,-1298800.0,525151596800.0,63911350400.0,19565123200.0,8692868400.0,19939177600.0,1298800.0,103416950000.0,105670368000.0,49831059600.0,18861173600.0,-1298800.0,174361302400.0,0.0,39661455600.0,277778252400.0,0.0,853311600.0,223953382800.0,0.0,17388334400.0,242195028800.0,247373344400.0,525151596800.0,5178315600.0,525151596800.0,33505143600.0,125235491200.0,101786956000.0,65.64638699035645
54,2018-12-31,SHEL,36480072200.0,0.0,36480072200.0,0.0,28807811400.0,67697060800.00001,132984944400.00002,304455335000.0,18711367200.0,13464654000.0,32176021200.0,0.0,16502727400.000002,58461426800.0,411595510400.0,0.0,544580454800.00006,66693009600.00001,13824802800.0,10227407400.0,-25288175400.0,50922857600.0,106152494600.0,90978498000.0,-55989496400.0,20240635400.0,106901440400.0,162131077400.0,0.0,19134269200.0,268283572000.00003,0.0,934477000.0,249111105200.0,0.0,20947291000.0,270992873200.00003,276296882800.0,544580454800.00006,5304009600.0,544580454800.00006,38747372600.0,104803300800.0,68323228600.00001,64.01721239929199
55,2022-12-30,TTE,44730414400.0,11845582400.0,56575996800.0,33017563200.0,31064518400.0,48853208000.0,170280585600.0,145057594400.0,11715560000.0,3153043200.0,43247346400.0,42895202400.0,6838365600.0,3234307200.0,241272816000.0,0.0,411553401600.0,55999022400.0,20995908800.0,20018032000.0,0.0,71688392000.0,148683323200.0,61305561600.0,0.0,14926842400.0,31464066400.0,107696470400.0,0.0,1946272800.0,256379793600.0,0.0,11055967200.0,167879234400.0,-17385078400.0,-10231137600.0,151318985600.0,155173608000.0,411553401600.0,3854622400.0,411553401600.0,54740784800.0,82301470400.0,37571056000.0,79.92814818725586
56,2021-12-31,TTE,27057387600.0,15612957000.0,42670344600.0,27870047400.0,25295145600.0,44555563200.0,140898220800.0,135095500200.0,11193406200.0,2785356600.0,41183215200.0,44476959600.0,6846120000.0,3546036600.0,231147831600.0,0.0,372046052400.0,46701948600.0,19061373000.0,13034251800.0,54261840000.0,545154000.0,120570315600.0,62771313600.0,27271645800.0,13824091200.0,1812954000.0,105680004600.0,0.0,1762242000.0,226250320200.0,0.0,10426387200.0,0.0,-16064293800.0,147296807400.0,141658900800.0,145795732200.0,372046052400.0,4136831400.0,372046052400.0,60089916600.0,81832686600.0,54775299000.0,55.5888253440857
57,2020-12-31,TTE,39810417600.0,5894916000.000001,45705333600.00001,17911377600.0,18754236000.0,17096529600.000002,101447302800.00002,137932122000.0,11213072400.000002,2860880400.0000005,42687849600.0,44261524800.0,8932771200.0,3577692000.0000005,237391959600.00003,0.0,338839262400.0,30014416800.000004,21770446800.0,7300528800.000001,1072034400.0000001,29488585200.000004,82345483200.0,76650459600.0,29834895600.000004,13147063200.000002,1793938800.0000002,121426357200.00002,0.0,1535479200.0000002,203771840400.00003,0.0,10525544400.0,0.0,-13057939200.000002,134565781200.00002,132033386400.00002,135067422000.00002,338839262400.0,3034035600.0000005,338839262400.0,50156440800.00001,98420906400.00002,58610488800.00001,44.309039506530766
58,2019-12-31,TTE,35524777600.0,5184809600.0,40709587200.0,24012214400.0,22251041600.0,22096484400.0,110742182000.0,151190710400.0,10839784800.0,2632667600.0,43091586400.0,38719825600.0,8073340800.0,3136602000.0,244212065200.0,0.0,354954247200.0,36878127200.0,19246917200.0,9660474400.0,677973600.0,34429889200.0,91232907200.0,62047572400.0,28635942400.0,15401170400.0,2683320800.0,108768006000.0,0.0,1561157600.0,200000913200.0,0.0,10550152400.0,0.0,-14940096400.0,156061210400.0,151671266400.0,154953334000.0,354954247200.0,3282067600.0,354954247200.0,43904635200.0,81294489600.0,45769712000.0,54.18088892059326
59,2018-12-31,TTE,38070729400.0,4984786800.0,43055516200.0,23559734000.0,20299296000.0,20086480800.0,108861795800.0,154596600800.0,11150970800.0,2317775800.0,39455392400.0,34848489000.0,9089664600.0,3422777800.0,241412924600.0,0.0,350274720400.0,35652002800.0,18152045200.0,9359776200.0,744853200.0,30350721600.0,84899622800.0,54743981800.0,30545802200.0,15674658000.0,3279536800.0,104243978800.0,0.0,0.0,189143601600.0,0.0,11223273400.0,0.0,-15433194600.0,161966009200.0,157756088000.0,161131118800.0,350274720400.0,3375030800.0,350274720400.0,40414425000.0,72896027000.0,34825297600.0,51.58713265838623
60,2022-12-30,COP,8746715200.0,3772004000.0,12518719200.0,9599987200.0,1651013600.0,1623925600.0,25393645600.0,87854510400.0,0.0,0.0,0.0,11139940000.0,8368837600.0,-5674936000.0,101688352000.0,0.0,127081997600.0,8347167200.0,564784800.0,4324599200.0,0.0,8488024800.0,17399976800.0,21976494400.0,0.0,10464094400.0,12226168800.0,44666757600.0,0.0,0.0,62066734400.0,0.0,28442400.0,71822477600.0,-8126400000.0,1290743200.0,65015263200.0,65015263200.0,127081997600.0,0.0,127081997600.0,14911944000.0,22541279200.0,13794564000.0,154.14824932861328
61,2021-12-31,COP,6374498400.0,1981571400.0,8356069800.0,8456226000.0,1531502400.0,2004391800.0,20348190000.0,82294165800.0,0.0,0.0,0.0,9017861400.0,0.0,3279798600.0,94591825800.0,0.0,114940015800.0,6370695000.0,1521360000.0,3628443600.0,0.0,7348168800.0,15240223800.0,23750965200.0,8756694600.0,7833736200.0,1792669200.0,42134065200.0,0.0,0.0,57374289000.0,0.0,26623800.0,51566497200.0,-6275610000.0,12248215800.0,57565726800.0,57565726800.0,114940015800.0,0.0,114940015800.0,10999432800.0,25272325200.0,18897826800.0,84.04132180023194
62,2020-12-31,COP,3808141200.0000005,6194118000.000001,10002259200.0,3506392800.0000005,1275746400.0,578032800.0,15362431200.000002,50791767600.00001,0.0,0.0,0.0,10207244400.0,0.0,3363794400.0000005,64362806400.00001,0.0,79725237600.0,3435093600.0000005,788110800.0000001,407424000.00000006,0.0,2608786800.0,6831991200.000001,18779700000.0,9074096400.0,4770680400.0,2265022800.0,34889499600.0,0.0,0.0,41721490800.0,0.0,22917600.000000004,44833191600.00001,-6643557600.000001,-208804800.00000003,38003746800.0,38003746800.0,79725237600.0,0.0,79725237600.0,16401362400.000002,19567810800.0,15759669600.000002,45.229722839355475
63,2019-12-31,COP,6608294400.0,6674533200.0,13282827600.0,4417218800.0,1332568800.0,2933989200.0,21966604400.0,54898977200.0,0.0,0.0,0.0,11282675600.0,0.0,3435326000.0,69616978800.0,0.0,91583583200.0,4156160000.0,136374000.0,1337764000.0,0.0,4854914400.0,9147448400.0,19209252000.0,9264340400.0,6018639200.0,2420963200.0,36913194800.0,0.0,0.0,46060643200.0,0.0,23378400.0,51616909600.0,-6957671600.0,750706400.0,45433322800.0,45522940000.0,91583583200.0,89617200.0,91583583200.0,17957208800.0,19345626000.0,12737331600.0,72.13265792541503
64,2018-12-31,COP,8069243000.0,2332782000.0,10402025000.0,5548201400.0,1373749400.0,784415000.0,18108390800.0,62341211600.0,0.0,0.0,-6392641200.0,12726621800.0,6849648200.0,1833484800.0,77358325200.0,0.0,95466716000.0,5313559000.0,152790400.0,1800744000.0,1800744000.0,2821165600.0,10088259000.0,20266555200.0,12894418400.0,6849648200.0,1626126400.0,41636748200.0,0.0,0.0,51725007200.0,0.0,24555600.0,46396442000.0,-8271144600.000001,5421330800.0,43571183800.0,43741708800.0,95466716000.0,170525000.0,95466716000.0,14734724200.0,20419345600.0,12350102600.0,71.05445462722778
65,2022-12-30,BP,39541708000.0,782843200.0,40324551200.0,841082400.0,38032906400.0,67495169600.0,145852627200.0,143625993600.0,16198624000.0,13814880000.0,30013504000.0,30735399200.0,5292995200.0,34709208800.0,244377100800.0,0.0,390229728000.0,86659929600.0,7178320000.0,5505636000.0,0.0,40271729600.0,134109979200.0,67981399200.0,0.0,14256414400.0,61480279200.0,143718092800.0,0.0,11578765600.0,277828072000.0,28442400.0,6465905600.0,47041020800.0,0.0,37958414400.0,91493783200.0,112401656000.0,390229728000.0,20907872800.0,390229728000.0,31518242400.0,75159719200.0,35618011200.0,45.23145960998535
66,2021-12-31,BP,38897371800.0,354984000.0,39252355800.0,0.0,30060805800.0,0.0,117385602000.0,143137155600.0,15686489400.0,8178577800.0,23865067200.0,42150546600.0,8126598000.0,29538472200.0,246817839600.0,0.0,364203441600.0,66700225800.0,9260011200.0,1970161200.0,0.0,25827621600.0,101787858600.0,79215947400.0,0.0,11131284000.0,57409787400.0,147757018800.0,0.0,10917025800.0,249544877400.0,26623800.0,6584953200.0,65691057000.0,0.0,23369357400.0,95671991400.0,114658564200.0,364203441600.0,18986572800.0,364203441600.0,42505530600.0,88475958600.0,49578586800.0,30.90318842582703
67,2020-12-31,BP,37169800800.0,423975600.00000006,37593776400.0,0.0,21482703600.0,0.0,92920682400.00002,151445866800.0,15889536000.000002,2520936000.0,18410472000.0,37877700000.0,9859660800.0,30262690800.000004,247856390400.00003,0.0,340777072800.0,29483492400.000004,14376974400.000002,3999121200.0000005,0.0,32275620000.000004,76136086800.0,89931208800.00002,0.0,8697229200.0,57067370400.00001,155695808400.0,0.0,11792378400.000002,231831895200.00003,26737200.000000004,6826898400.000001,60222360000.00001,0.0,23639504400.000004,90715500000.00002,108945177600.00002,340777072800.0,18229677600.0,340777072800.0,38301675600.0,104308183200.00002,67138382400.00001,22.75601184997559
68,2019-12-31,BP,29186633600.0,219497200.0,29406130800.0,0.0,27118944000.0,0.0,106578229200.0,172275429600.0,15414158400.0,20182053200.0,35596211600.0,40823881600.0,5922528000.0,22201687200.0,276819738000.0,0.0,383397967200.0,60821505200.0,16305135200.0,2648253200.0,0.0,18458545600.0,95585186000.0,84281729600.0,0.0,12663300000.0,60068201200.0,157013230800.0,0.0,12626933600.0,252598416800.0,27274800.0,6991440400.0,95729352800.0,0.0,25069437600.0,127817505600.0,130799550400.0,383397967200.0,2982044800.0,383397967200.0,41043378800.0,100586864800.0,71400231200.0,39.55287052154541
69,2018-12-31,BP,30650845600.0,302852400.0,30953698000.0,-1841670000.0,24539229600.0,43629844400.0,97281102000.0,184523056200.0,16648696800.000002,23578832800.0,40227529600.0,37432283800.0,5055725200.0,20424802400.0,287663397200.0,0.0,384944499200.0,63114713000.0,12786646600.0,2866184200.0,5965646600.0,11221909200.0,93088915400.0,76976349200.0,0.0,13385530400.0,62961922600.0,153323802200.0,0.0,909921400.0,246412717600.0,28648200.0,7340760200.0,107428021600.0,-12144108400.0,33008183200.000004,135661504800.00002,138531781600.0,384944499200.0,2870276800.0,384944499200.0,37735136200.0,89762995800.0,59112150200.0,39.25570013122559
70,2022-12-30,MPC,11681700000.0,4259588000.0,15941288000.0,18253248800.0,11955288800.0,1581939200.0,47731764800.0,49938082400.0,11165673600.0,0.0,11165673600.0,8757550400.0,7996377600.0,-3823471200.0,74034212800.0,0.0,121765977600.0,20738572800.0,1942209600.0,1544016000.0,0.0,4434305600.0,27115088000.0,35857740000.0,0.0,7996377600.0,3274939200.0,47129056800.0,0.0,1637469600.0,74244144800.0,0.0,13544000.0,35406724800.0,2708800.0,2114218400.0,37537196000.0,38848255200.0,113092400000.0,1311059200.0,113092400000.0,13017138400.0,37799949600.0,26118249600.0,154.02315498046875
71,2021-12-31,MPC,6707929800.0,7033754400.0,13741684200.0,13988905200.0,10212129000.0,720110400.0,38662828800.0,49205853600.0,10466956800.0,2706753000.0,10466956800.0,6857530200.0,7147856400.0,-4105136400.0,69573060600.0,0.0,108235889400.0,17368860000.0,1279210200.0,1560661800.0,2715627600.0,1327386600.0,22691084400.0,32829681000.0,0.0,7147856400.0,2993275800.0,42970813200.0,0.0,1730547000.0,65661897600.0,0.0,12678000.0,16360959000.0,-84942600.0,16935272400.0,33223966800.0,34447393800.0,100109291400.0,1223427000.0,100109291400.0,13891284600.0,34108891200.0,27400961400.0,77.25471504364013
72,2020-12-31,MPC,706626000.0000001,0.0,706626000.0000001,7333632000.000001,10184326800.0,3468196800.0000005,36015008400.0,51635899200.00001,10511539200.0,3004752000.0000005,10511539200.0,6903290400.000001,7897659600.000001,-4540231200.0,72408157200.0,0.0,108423165600.00002,9934779600.0,4266493200.0000005,1406886000.0000002,2338868400.0,3401990400.0000005,19942131600.0,37870060800.0,0.0,7897659600.000001,4237209600.0000005,50004930000.00001,0.0,1923805200.0000002,69947061600.0,0.0,12732000.000000002,5920380000.000001,-651878400.0,22982533200.000004,28263766800.000004,29496224400.000004,99443286000.00002,1232457600.0,99443286000.00002,6903290400.000001,42136554000.0,41429928000.0,48.188340184021
73,2019-12-31,MPC,1983267600.0,0.0,1983267600.0,10224153600.0,13303608400.0,685766400.0,26196796000.0,62438511200.0,26027952000.0,3802886400.0,26027952000.0,8959122400.0,8301929600.0,-3919778400.0,101807736800.0,0.0,128004532800.0,15095952400.0,1707922000.0,1540376800.0,3002825600.0,1165023600.0,20971723600.0,38966597600.0,0.0,8301929600.0,3776910400.0,51045437600.0,0.0,3219725200.0,72017161200.0,0.0,12988000.0,20767812000.0,-415616000.0,23396583200.0,43761767200.0,45019005600.0,117036166800.0,1257238400.0,117036166800.0,8959122400.0,40674519600.0,38691252000.0,67.6956841506958
74,2018-12-31,MPC,2301405400.0,0.0,2301405400.0,7984662600.0,13419635400.0,881273200.0,24586976600.0,61468123600.0,27535012800.0,4520958800.0,27535012800.0,8046051600.0,6635468800.0,-1482885400.0,102201771400.0,0.0,126788748000.0,12777097200.0,742124800.0,1972633200.0,3544191600.0,965853600.0,18029267200.0,36806116000.0,-19828647000.0,6635468800.0,23685240400.0,47298178200.0,-27779204600.0,0.0,37548240800.0,0.0,13642000.0,20128771000.0,-196444800.0,28039766800.0,47985735000.0,49355391800.0,126788748000.0,1369656800.0,126788748000.0,8046051600.0,37548240800.0,35246835400.0,67.04803303298951
75,2022-12-30,OXY,1332729600.0,0.0,1332729600.0,5798186400.0,2788709600.0,2115572800.0,12035198400.0,80298312800.0,0.0,0.0,0.0,4301574400.0,7465452800.0,-5758908800.0,86306431200.0,0.0,98341629600.0,5456877600.0,593227200.0,0.0,7465452800.0,-3009476800.0,10506080800.0,27530888800.0,0.0,7465452800.0,12092083200.0,47088424800.0,0.0,1259592000.0,57594505600.0,13221652800.0,297968000.0,22346245600.0,264108000.0,4617149600.0,40747124000.0,40747124000.0,98341629600.0,0.0,98341629600.0,4301574400.0,28124116000.0,26791386400.0,84.30917835083008
76,2021-12-31,OXY,3504199200.0,0.0,3504199200.0,5334902400.0,2340358800.0,1644336600.0,12945505800.0,76899676800.0,0.0,0.0,-8924044200.0,3724796400.0,8924044200.0,1560661800.0,82185135000.0,0.0,95130640800.0,4943152200.0,471621600.0,0.0,5129518800.0,8874600.0,10553167200.0,38054284800.0,7823593800.0,8924044200.0,4004980200.0,58806903000.0,0.0,977473800.0,69360070200.0,12376263600.0,275112600.0,5679744000.0,-263702400.0,7703152800.0,25770570600.0,25770570600.0,95130640800.0,0.0,95130640800.0,3724796400.0,38525906400.0,35021707200.0,36.01964868850708
77,2020-12-31,OXY,2556585600.0,0.0,2556585600.0,2692818000.0,2416533600.0,1521474000.0000002,11228350800.000002,85242013200.0,0.0,0.0,-9056271600.0,4137900000.0000005,9056271600.0,1329220800.0,90709134000.00002,0.0,101937484800.00002,3803048400.0000005,1162431600.0,0.0,4545324000.0,958719600.0000001,10469523600.0,46326655200.00001,8617017600.0,9056271600.0,3820873200.0000005,67820817600.00001,0.0,1418344800.0000002,78290341200.0,12428978400.000002,275011200.0,3814507200.0000005,-366681600.00000006,7495328400.000001,23647143600.000004,23647143600.000004,101937484800.00002,0.0,101937484800.00002,4137900000.0000005,47489086800.00001,44932501200.00001,21.56870321273804
78,2019-12-31,OXY,3937961600.0,0.0,3937961600.0,8277252400.0,1879363600.0,1718312400.0,24262882800.0,106311975200.0,0.0,0.0,-12620439600.0,8298033200.0,12620439600.0,3124912800.0,117734921200.0,0.0,141997804000.0,9113679600.0,805256000.0,0.0,6886237600.0,2610588000.0,19415761200.0,51161030800.0,9386427600.0,12620439600.0,4953623200.0,78121521200.0,0.0,1848192400.0,97537282400.0,12678885600.0,271449200.0,26209784000.0,-287034800.0,5587437600.0,44460521600.0,44460521600.0,141997804000.0,0.0,141997804000.0,8298033200.0,51966286800.0,48028325200.0,50.73508349761963
79,2018-12-31,OXY,4137618600.0000005,0.0,4137618600.0000005,6675030600.0,1624762200.0,1017693200.0,13455104600.0,42886355400.0,0.0,0.0,-1237329400.0,2291856000.0,1237329400.0,1192310800.0,46370522200.0,0.0,59825626800.0,6664117000.0,158247200.0,0.0,0.0,3289086200.0,10111450400.0,13916204200.0,-8331169400.000001,1237329400.0,13793426200.0,20615790400.0,0.0,0.0,30727240800.0,0.0,244191800.0,32399750000.0,-234642400.0,-3310913400.0,29098386000.0,29098386000.0,59825626800.0,0.0,59825626800.0,2291856000.0,14074451400.0,9936832800.0,74.3058368171692
80,2022-12-30,PXD,1397740800.0,232956800.0,1630697600.0,2731824800.0,574265600.0,109706400.0,5046494400.0,42836963200.0,329119200.0,0.0,329119200.0,0.0,5237464800.0,-5043785600.0,43359761600.0,0.0,48406256000.0,3571552800.0,1224377600.0,85327200.0,5237464800.0,-4768842400.0,5264552800.0,5906538400.0,0.0,5237464800.0,1468169600.0,12612172800.0,0.0,488938400.0,17876725600.0,0.0,2708800.0,7699764000.0,0.0,22827057600.0,30529530400.0,30529530400.0,48406256000.0,0.0,48406256000.0,232956800.0,7130916000.0,5733175200.0,289.9896135009766
81,2021-12-31,PXD,4877226600.0,244685400.0,5121912000.0,2136243000.0,467818200.0,53247600.0,7826129400.0,38317987200.0,308075400.0,0.0,308075400.0,-2583776400.0,2583776400.0,216793800.0,38842856400.0,0.0,46668985800.0,3244300200.0,462747000.0,57051000.0,124244400.0,1332457800.0,5163749400.0,8787121800.0,31695000.0,2583776400.0,1149894600.0,12552487800.0,0.0,461479200.0,17716237200.0,0.0,2535600.0,5020488000.0,0.0,23929725000.0,28952748600.0,28952748600.0,46668985800.0,0.0,46668985800.0,244685400.0,9249868800.0,4372642200.0,195.14006385498047
82,2020-12-31,PXD,1835954400.0000002,156603600.0,1992558000.0000002,889966800.0000001,285196800.0,54747600.00000001,3303954000.0000005,20651304000.0,332305200.0,0.0,332305200.0,-1739191200.0000002,1739191200.0000002,194799600.00000003,21178408800.0,0.0,24482362800.000004,1311396000.0,305568000.0,5092800.0,49654800.00000001,760100400.0000001,2426719200.0,4163364000.0000005,84031200.0,1739191200.0000002,1339406400.0,7325992800.000001,0.0,267372000.00000003,9752712000.0,0.0,2546400.0,4428189600.0,0.0,10298914800.0,14729650800.000002,14729650800.000002,24482362800.000004,0.0,24482362800.000004,156603600.0,4468932000.0,2632977600.0,117.8232696624756
83,2019-12-31,PXD,819542800.0,242875600.0,1062418400.0,1353349600.0,266254000.0,25976000.0,2845670800.0,21244471600.0,338986800.0,0.0,338986800.0,-1804033200.0,1804033200.0,335090400.0,21918548800.0,0.0,24764219600.0,1832606800.0,761096800.0,3896400.0,72732800.0,575368400.0,3241804800.0,2609289200.0,10390400.0,1804033200.0,1358544800.0,5782257600.0,0.0,397432800.0,9024062400.0,0.0,2597600.0,5227670000.0,0.0,10509889600.0,15740157200.0,15740157200.0,24764219600.0,0.0,24764219600.0,242875600.0,3370386000.0,2550843200.0,155.78098843383788
84,2018-12-31,PXD,1125465000.0,838983000.0,1964448000.0,1118644000.0,331500600.0,34105000.0,3519636000.0,20243363800.0,360148800.0,195080600.0,360148800.0,170525000.0,373790800.0,-244191800.0,20903636600.0,0.0,24423272600.0,2215460800.0,0.0,2728400.0,0.0,264654800.00000003,2480115600.0,3115832800.0,0.0,1571558400.0,733939600.0,5421330800.0,0.0,0.0,7901446400.0,0.0,2728400.0,4733774000.0,-11210995600.0,22996319400.0,16521826200.000002,16521826200.000002,24423272600.0,0.0,24423272600.0,1009508000.0,3115832800.0,1990367800.0,140.96208075256348
85,2022-12-30,KMI,1009028000.0,0.0,1009028000.0,2492096000.0,858689600.0,4141755200.0,5150783200.0,48215285600.0,27040596000.0,2450109600.0,27040596000.0,10365223200.0,843791200.0,3297964000.0,89762860000.0,0.0,94913643200.0,1955753600.0,4584644000.0,357561600.0,843791200.0,2001803200.0,9385992000.0,38469023200.0,0.0,843791200.0,2719635200.0,42032449600.0,0.0,0.0,51418441600.0,0.0,29796800.0,-14290274400.0,-544468800.0,56441911200.0,41636964800.0,43495201600.0,94913643200.0,1858236800.0,94913643200.0,10365223200.0,43053667200.0,42044639200.0,22.947628691101077
86,2021-12-31,KMI,1445292000.0,0.0,1445292000.0,2042425800.0,712503600.0,3409114200.0,4854406200.0,45200873400.0,25246969200.0,2127368400.0,25246969200.0,9607388400.0,145797000.0,4217970600.0,84418998600.0,0.0,89273404800.0,1596160200.0,3354598800.0,342306000.0,-1596160200.0,4025265000.0,7379863800.0,38888497200.0,0.0,0.0,2535600000.0,41424097200.0,0.0,0.0,48803961000.0,0.0,29159400.0,-13432341000.0,-521065800.0,53001646800.0,39077399400.0,40469443800.0,89273404800.0,1392044400.0,89273404800.0,9607388400.0,42243096000.0,40797804000.0,17.717852486228942
87,2020-12-31,KMI,1507468800.0000002,0.0,1507468800.0000002,1646247600.0000002,443073600.00000006,2570590800.0,4078059600.0000005,45626395200.00001,25274293200.000004,3123159600.0000005,25274293200.000004,10079924400.0,682435200.0,5894916000.000001,87557964000.0,0.0,91636023600.00002,1065668400.0000001,3256845600.0000005,0.0,-1065668400.0000001,3203371200.0000005,6460216800.000001,40909189200.0,0.0,0.0,2803586400.0000005,43712775600.0,0.0,0.0,50172992400.00001,0.0,29283600.000000004,-12650515200.000002,-518192400.00000006,53163739200.00001,40024315200.0,41463031200.0,91636023600.00002,1438716000.0000002,91636023600.00002,10079924400.0,44166034800.0,42658566000.0,14.377652914810183
88,2019-12-31,KMI,240278000.0,1201390000.0,240278000.0,1779356000.0,481854800.0,3965236400.0,4205514400.0,47300997200.0,27860558800.0,3475588800.0,27860558800.0,10077389200.0,1113071600.0,5757580400.0,92109597200.0,0.0,96315111600.0,1187103200.0,3087247600.0,472763200.0,-1187103200.0,3406752400.0,6494000000.0,41451202000.0,0.0,0.0,3056076400.0,44507278400.0,0.0,0.0,51001278400.0,0.0,29872400.0,-9991668400.0,-432500400.0,54218406000.0,43824109600.0,45313833200.0,96315111600.0,1489723600.0,96315111600.0,11278779200.0,44538449600.0,44298171600.0,21.18342482910156
89,2018-12-31,KMI,4474576000.0,0.0,4474576000.0,2074948200.0000002,525217000.00000006,3331376400.0,7805952400.0,51699087400.0,29964653000.0,3928896000.0,29964653000.0,10205580200.0,2136337200.0000002,5777387000.0,99783044800.0,0.0,107588997200.0,1823935400.0,4621909600.0,658908600.0,-1823935400.0,5687349800.0,10309259400.0,46159071200.0,0.0,0.0,3104919200.0,49263990400.0,0.0,0.0,59573249800.0,0.0,31376600.0,-10526167200.0,-450186000.0,56888504200.0,45943527600.0,48015747400.0,107588997200.0,2072219800.0000002,107588997200.0,10205580200.0,50780980800.0,46306404800.0,15.405744373512269
90,2022-12-30,WMB,205868800.0,0.0,205868800.0,3688031200.0,433408000.0,377877600.0,5142656800.0,41836061600.0,0.0,9972447200.0,9972447200.0,6860036000.0,3910152800.0,-2123699200.0,60454998400.0,0.0,65597655200.0,3151688800.0,1323248800.0,0.0,190970400.0,1957108000.0,6623016000.0,29697928800.0,6344009600.0,3910152800.0,0.0,39952091200.0,0.0,33860000.0,46575107200.0,47404000.0,1697063200.0,-17974242400.0,-32505600.0,31817564800.0,15555284000.0,19022548000.0,65597655200.0,3467264000.0,65597655200.0,6860036000.0,31021177600.0,30815308800.0,42.17078138122559
91,2021-12-31,WMB,2129904000.0,0.0,2129904000.0,2507708400.0,480496200.0,267505800.0,5767222200.0,37093292400.0,0.0,9384255600.0,9384255600.0,6500010600.0,3109913400.0,-1492200600.0,54595271400.0,0.0,60362493600.0,2213578800.0,2567295000.0,0.0,169885200.0,1352742600.0,6303501600.0,27447870000.0,0.0,3109913400.0,5623960800.0,36181744200.0,0.0,29159400.0,42485245800.0,44373000.0,1584750000.0,-16781868600.0,-41837400.0,29676662400.0,14482079400.0,17877247800.0,60362493600.0,3395168400.0,60362493600.0,6500010600.0,30015165000.0,27885261000.0,29.71769695930481
92,2020-12-31,WMB,180794400.00000003,0.0,180794400.00000003,1271926800.0,173155200.0,193526400.00000003,1819402800.0000002,36832402800.0,0.0,9477700800.0,9477700800.0,6568438800.000001,2448363600.0,-915430800.0000001,54411475200.00001,0.0,56230878000.00001,613682400.0,1136967600.0,0.0,164242800.0,1037658000.0000001,2952550800.0000005,27311413200.000004,0.0,2448363600.0,4951474800.0,34711251600.0,0.0,35649600.0,37663802400.0,44562000.00000001,1588953600.0000002,-16230753600.000002,-122227200.00000001,29703756000.000004,14984290800.000002,18567075600.0,56230878000.00001,3582784800.0000005,56230878000.00001,6568438800.000001,28448380800.000004,28267586400.000004,21.570155417633057
93,2019-12-31,WMB,375353200.0,0.0,375353200.0,1293604800.0,162350000.0,220796000.0,2052104000.0,37924960000.0,0.0,10337149200.0,10337149200.0,8098018000.0,2314461600.0,-929940800.0,57744648000.0,0.0,59796752000.0,716937600.0,2779432000.0,0.0,205210400.0,1452058400.0,5153638400.0,26168222400.0,0.0,2314461600.0,4906866400.0,33389550400.0,0.0,27274800.0,38543188800.0,45458000.0,1619603600.0,-14289397600.0,-258461200.0,30238661600.0,17355864400.0,21253563200.0,59796752000.0,3897698800.0,59796752000.0,8098018000.0,28947654400.0,28572301200.0,23.968231700134275
94,2018-12-31,WMB,229185600.0,0.0,229185600.0,1353286400.0,177346000.0,237370800.0,1997188800.0,37520956800.0,0.0,10595741400.0,10595741400.0,10669408200.0,2079040800.0000002,-1061347600.0000001,59803799600.0,0.0,61800988400.0,903100400.0,64117400.0,0.0,332864800.0,1170483600.0,2470566200.0,30513061400.0,0.0,2079040800.0000002,4915212600.0,37507314800.0,0.0,0.0,39977881000.0,47747000.0,1698429000.0,-13644728400.0,-368334000.0,32266058400.0,19999172000.0,21823107400.0,61800988400.0,1823935400.0,61800988400.0,10669408200.0,30577178800.0,30347993200.0,22.04878674621582
95,2022-12-30,LNG,1832503200.0,0.0,1832503200.0,2632953600.0,1118734400.0,131376800.0,7595475200.0,46256823200.0,104288800.0,0.0,104288800.0,21670400.0,1170201600.0,742211200.0,48295195200.0,0.0,55890670400.0,167945600.0,1935437600.0,0.0,316929600.0,6782835200.0,9203148000.0,35918688000.0,0.0,0.0,11000436800.0,46919124800.0,0.0,4172906400.0,56122272800.0,0.0,1354400.0,-6693444800.0,0.0,2670876800.0,-4021213600.0,-231602400.0,55890670400.0,3789611200.0,55890670400.0,21670400.0,37854125600.0,36021622400.0,201.0169662109375
96,2021-12-31,LNG,1779991200.0,0.0,1779991200.0,1909306800.0,895066800.0,262434600.0,6409996800.0,41064042000.0,97620600.0,0.0,97620600.0,70996800.0,1526431200.0,602205000.0,43361295600.0,0.0,49771292400.0,196509000.0,1142287800.0,0.0,196509000.0,4414479600.0,5949785400.0,39361386600.0,0.0,0.0,4501957800.0,43863344400.0,0.0,2704217400.0,49813129800.0,0.0,1267800.0,-7633423800.0,0.0,4372642200.0,-3259513800.0,-41837400.0,49771292400.0,3217676400.0,49771292400.0,70996800.0,40503674400.0,38723683200.0,126.03288284454347
97,2020-12-31,LNG,2072769600.0000002,0.0,2072769600.0000002,823760400.0000001,371774400.00000006,154057200.0,4034770800.0000005,39698376000.0,98036400.00000001,0.0,98036400.00000001,103129200.00000001,622594800.0,892513200.0000001,41414649600.0,0.0,45449420400.00001,44562000.00000001,678615600.0,0.0,175701600.00000003,1897068000.0000002,2795947200.0000005,39628350000.0,0.0,0.0,201165600.00000003,39829515600.0,0.0,1037658000.0000001,42625462800.0,0.0,1273200.0,-4574607600.0,0.0,4330153200.0,-243181200.00000003,2823957600.0000005,45449420400.00001,3067138800.0000005,45449420400.00001,103129200.00000001,40306965600.0,38234196000.0,74.68129777679444
98,2019-12-31,LNG,3213231200.0,0.0,3213231200.0,637710800.0,405225600.0,119489600.0,5470545600.0,39109465600.0,100007600.0,0.0,100007600.0,140270400.0,687065200.0,589655200.0,40626464000.0,0.0,46097009600.0,85720800.0,306516800.0,0.0,209106800.0,1832606800.0,2433951200.0,40290074800.0,0.0,0.0,210405600.0,40500480400.0,0.0,627320400.0,42934431600.0,0.0,1298800.0,-4556190400.0,0.0,4536708400.0,-18183200.0,3162578000.0,46097009600.0,3180761200.0,46097009600.0,140270400.0,40596591600.0,37383360400.0,77.50274783782959
99,2018-12-31,LNG,1338280200.0,0.0,1338280200.0,798057000.0,431087200.0,155518800.0,5776022800.0,37167629000.0,105043400.0,0.0,105043400.0,128234800.0,43654400.0,416081000.0,37860642600.0,0.0,43636665400.0,79123600.0,326043800.0,0.0,189623800.0,1781645200.0,2376436400.0,38519551200.0,0.0,0.0,109136000.0,38628687200.0,0.0,77759400.0,41005123600.0,0.0,1364200.0,-5669615200.0,-1924886200.0,6875568000.0,-717569200.0,2631541800.0,43636665400.0,3349111000.0,43636665400.0,128234800.0,38845595000.0,37507314800.0,78.89931757659913
100,2022-12-30,MPLX,322347200.0,0.0,322347200.0,1978778400.0,200451200.0,71783200.0,2580132000.0,26219829600.0,10354388000.0,954852000.0,11309240000.0,5546268000.0,17607200.0,2631599200.0,45724544000.0,0.0,48304676000.0,303385600.0,1401804000.0,0.0,108352000.0,1438372800.0,3251914400.0,26093870400.0,445597600.0,17607200.0,192324800.0,26749400000.0,1311059200.0,683972000.0,31312373600.0,0.0,0.0,0.0,-10835200.0,17003137600.0,16992302400.0,17313295200.0,48304676000.0,320992800.0,48304676000.0,5546268000.0,27495674400.0,27173327200.0,40.612834400939946
101,2021-12-31,MPLX,16481400.0,0.0,16481400.0,1640533200.0,180027600.0,68461200.0,1910574600.0,26039344200.0,9707544600.0,1053541800.0,10761086400.0,5047111800.0,1122003000.0,135654600.0,43105200000.0,0.0,45015774600.0,218061600.0,708700200.0,0.0,97620600.0,3220212000.0,4244594400.0,23460639000.0,579384600.0,12678000.0,215526000.0,24268227600.0,1223427000.0,625025400.0,29736249000.0,0.0,0.0,0.0,-21552600.0,15301078200.0,15279525600.0,15585065400.0,45015774600.0,305539800.0,45015774600.0,5047111800.0,24169339200.0,24152857800.0,31.394660180282592
102,2020-12-31,MPLX,19098000.0,0.0,19098000.0,1432350000.0000002,150237600.0,82758000.0,1928898000.0000002,27702285600.000004,9748892400.0,1220998800.0,10969891200.0,5138635200.0,532197600.00000006,90397200.00000001,44433406800.00001,0.0,46362304800.00001,193526400.00000003,1054209600.0000001,0.0,123500400.00000001,1284658800.0,2655895200.0,25270473600.000004,468537600.00000006,15278400.000000002,1378875600.0,27133165200.000004,0.0,683708400.0,29789060400.000004,0.0,0.0,0.0,-19098000.0,16592342400.000002,16573244400.000002,16885178400.000002,46362304800.00001,311934000.0,46362304800.00001,5138635200.0,26324683200.000004,26305585200.000004,20.48275507736206
103,2019-12-31,MPLX,19482000.0,0.0,19482000.0,1610512000.0,142868000.0,142868000.0,1927419200.0,29537309600.0,12385356800.0,1649476000.0,14034832800.0,6851170000.0,83123200.0,76629200.0,50583064800.0,0.0,52510484000.0,314309600.0,87019600.0,0.0,76629200.0,2291083200.0,2769041600.0,26282516800.0,359767600.0,15585600.0,1506608000.0,28164478000.0,0.0,777981200.0,30933519600.0,0.0,0.0,0.0,-19482000.0,21596446400.0,21576964400.0,21900365600.0,52510484000.0,323401200.0,52510484000.0,6851170000.0,26369536400.0,26350054400.0,21.27336191329956
104,2018-12-31,MPLX,92765600.0,0.0,92765600.0,963125200.0,105043400.0,62753200.0,1223687400.0,19970523800.0,3527821200.0,578420800.0,4106242000.0000005,5694170800.0,17734600.0,62753200.0,29851424400.0,0.0,31075111800.0,221000400.0,1214138000.0,0.0,69574200.0,113228600.0,1617941200.0,18269366400.0,167796600.0,17734600.0,1638404200.0,20093301800.0,0.0,0.0,21711243000.0,0.0,0.0,0.0,-21827200.0,21827200.0,9363868800.0,9576684000.0,31075111800.0,212815200.0,31075111800.0,5694170800.0,18269366400.0,18176600800.0,24.351915048217776
105,2022-12-30,SLB,2241532000.0,1678101600.0,3919633600.0,9524140800.0,5416245600.0,1460043200.0,20320063200.0,8948520800.0,17582820800.0,4052364800.0,21635185600.0,2141306400.0,0.0,5376968000.0,38101980800.0,0.0,58422044000.0,12353482400.0,2210380800.0,1357108800.0,1567040800.0,146275200.0,16277179200.0,14348513600.0,0.0,82618400.0,3349431200.0,17780563200.0,0.0,0.0,34057742400.0,0.0,16032032800.0,14517813600.0,-5221212000.0,-964332800.0,24364301600.0,24776039200.0,58422044000.0,411737600.0,58422044000.0,6559359200.0,16558894400.0,14317362400.0,71.0344473968506
106,2021-12-31,SLB,2227524600.0,1752099600.0,3979624200.0,6738357000.0,4148241600.0,1176518400.0,16042741200.0,8150686200.0,16468722000.0,4070905800.0,20539627800.0,2591383200.0,0.0,5303207400.0,36584904600.0,0.0,52627645800.0,10626699600.0,1152430200.0,1114396200.0,1379366400.0,-25356000.0,13133140200.0,16843990800.0,173688600.0,119173200.0,2978062200.0,20114914800.0,0.0,0.0,33248055000.0,0.0,15984422400.0,10394692200.0,-4526046000.0,-2473477800.0,19379590800.0,19737110400.0,52627645800.0,357519600.0,52627645800.0,4343482800.0,17996421000.0,15768896400.0,36.705282302856446
107,2020-12-31,SLB,1074580800.0,2752658400.0,3827239200.0000005,6680480400.000001,4270312800.0000005,5940751200.000001,16448470800.000002,8690863200.0,16526136000.000002,4398906000.0,20925042000.0,2624065200.0,-2624065200.0,8134474800.000001,37750380000.0,0.0,54198850800.00001,10748354400.0,1082220000.0,1292298000.0,1198081200.0,328485600.0,13357141200.000002,20417035200.0,1335586800.0,24190800.000000004,3163902000.0000005,24940714800.000004,0.0,0.0,38297856000.0,0.0,16513404000.000002,8935317600.0,-6218308800.000001,-3329418000.0000005,15900994800.000002,16433192400.000002,54198850800.00001,532197600.00000006,54198850800.00001,5376723600.0,21499255200.0,20424674400.0,26.406068142700196
108,2019-12-31,SLB,1476735600.0,1337764000.0,2814499600.0,10061803600.0,5364044000.0,7294060800.0,20170364000.0,12039876000.0,20835349600.0,9207193200.0,30042542800.0,2032622000.0,-2032622000.0,10885242800.0,52967661600.0,0.0,73138025600.0,13849104400.0,680571200.0,1570249200.0,1181908000.0,1300098800.0,17011682400.0,19183276000.0,1255939600.0,637710800.0,3649628000.0,24726554400.0,0.0,0.0,41738236800.0,0.0,16985706400.0,24353798800.0,-5764074400.0,-4175642000.0,31399788800.0,31940089600.0,73138025600.0,540300800.0,73138025600.0,3370386000.0,19863847200.0,18387111600.0,47.94175483703613
109,2018-12-31,SLB,1954898600.0,1833484800.0,3788383400.0,10751260200.0,5470442000.0,6920586600.0,21460230200.0,15932491800.0,34010870200.000004,11905373400.0,45916243600.0,2098139600.0000002,-2098139600.0000002,12876683800.0,74725419200.0,0.0,96185649400.0,13946216600.0,1919429400.0,1575651000.0,1196403400.0,1335551800.0,18397601200.0,19977344800.0,1572922600.0,1965812200.0,4361347400.0,27877427000.0,0.0,0.0,46275028200.0,578420800.0,17914674400.0,43187843600.0,-6305332400.0,-5464985200.0,49910621200.0,50489042000.0,96185649400.0,578420800.0,96185649400.0,3931624400.0,21896774200.0,19941875600.0,42.77280167427063
110,2022-12-30,EOG,8088476800.0,0.0,8088476800.0,3888482400.0,1432955200.0,777425600.0,14187340000.0,39858637600.0,0.0,0.0,0.0,0.0,44695200.0,1942209600.0,41845542400.0,0.0,56032882400.0,3429340800.0,2138597600.0,548532000.0,0.0,1898868800.0,7466807200.0,5139948000.0,0.0,6379224000.0,3486225600.0,15005397600.0,0.0,400902400.0,22472204800.0,0.0,279006400.0,25018476800.0,-10835200.0,8274029600.0,33560677600.0,33560677600.0,56032882400.0,0.0,56032882400.0,0.0,7278545600.0,-809931200.0,167.20220518798828
111,2021-12-31,EOG,6603970200.0,0.0,6603970200.0,2960313000.0,740395200.0,578116800.0,10882795200.0,36038482800.0,0.0,0.0,0.0,0.0,13945800.0,1540377000.0,37592805600.0,0.0,48475600800.0,2842407600.0,351180600.0,656720400.0,1209481200.0,721378200.0,5124447600.0,6430281600.0,0.0,6020782200.0,2780285400.0,15231349200.0,0.0,304272000.0,20355796800.0,0.0,261166800.0,20182108200.0,-15213600.0,7691742600.0,28119804000.0,28119804000.0,48475600800.0,0.0,48475600800.0,0.0,6781462200.0,177492000.0,99.76258539733887
112,2020-12-31,EOG,4238391129.6000004,0.0,4238391129.6000004,1967467047.6000001,801353353.2,374304248.40000004,7463712297.6,36411771896.4,0.0,0.0,0.0,0.0,2708096.4000000004,1708225702.8000002,38122705695.600006,0.0,45586417993.200005,2140494927.6000001,1370145267.6000001,261965992.8,538783863.6,355980354.00000006,4405404412.8,6411008893.200001,0.0,6186895136.400001,2734747022.4,15332651052.000002,0.0,375707314.8,19738055464.800003,0.0,262071668.40000004,18041204530.800003,-15696009.600000001,7560782338.8,25848362528.4,25848362528.4,45586417993.200005,0.0,45586417993.200005,0.0,7781154160.800001,3542763031.2000003,53.11572481842042
113,2019-12-31,EOG,2633930033.6,0.0,2633930033.6,2796735912.4,996565343.6,420094262.4,6849012693.2,39437535986.0,0.0,0.0,0.0,0.0,3069064.4,1927823126.8,41368428177.2,0.0,48217440870.4,3154950147.6,1797395033.2,330999180.0,546954552.4,328400281.2,5827700014.4,5404201597.2,0.0,6553875978.8,2324701339.2,14282778915.199999,0.0,479731262.0,20110478929.6,0.0,267321613.6,20324406875.2,-6042017.6,7521275469.599999,28106961940.8,28106961940.8,48217440870.4,0.0,48217440870.4,0.0,7201596630.4,4567666596.8,88.29825488586425
114,2018-12-31,EOG,2122195902.8000002,0.0,2122195902.8000002,3196489760.8,1172337547.8,375792081.40000004,6899291438.0,38300623019.8,0.0,0.0,0.0,0.0,1059983.4000000001,1092434989.6000001,39394117992.8,0.0,46293409430.8,3055603370.0,1245641470.6000001,292929209.2,292929209.2,492060119.0,5086234168.8,7053144549.8,0.0,6020757551.6,1716647891.0,14790549992.400002,0.0,0.0,19876784161.2,0.0,280757816.8,18475537946.0,-1852583.6,7662182090.400001,26416625269.600002,26416625269.600002,46293409430.8,0.0,46293409430.8,0.0,8298786020.400001,6176590117.6,95.43716180267334
115,2022-12-30,SUN,111060800.0,0.0,111060800.0,1225732000.0,1111962400.0,237020000.0,2685775200.0,3105639200.0,2168394400.0,796387200.0,2964781600.0,174717600.0,0.0,319638400.0,6564776800.0,0.0,9250552000.0,1308350400.0,28442400.0,222121600.0,0.0,567493600.0,1904286400.0,5551685600.0,0.0,211286400.0,307448800.0,6070420800.0,0.0,743565600.0,7974707200.0,0.0,0.0,1730923200.0,0.0,-455078400.0,1275844800.0,1275844800.0,9250552000.0,0.0,9250552000.0,174717600.0,5580128000.0,5469067200.0,54.33836638793945
116,2021-12-31,SUN,31695000.0,0.0,31695000.0,682076400.0,677005200.0,120441000.0,1511217600.0,2780285400.0,1987910400.0,687147600.0,2675058000.0,167349600.0,0.0,238346400.0,5861039400.0,0.0,7372257000.0,652917000.0,31695000.0,192705600.0,372733200.0,70996800.0,1128342000.0,4779606000.0,159742800.0,144529200.0,131851200.0,5215729200.0,0.0,684612000.0,6344071200.0,0.0,0.0,0.0,0.0,1028185800.0,1028185800.0,1028185800.0,7372257000.0,0.0,7372257000.0,167349600.0,4811301000.0,4779606000.0,44.63519855117798
117,2020-12-31,SUN,123500400.00000001,0.0,123500400.00000001,389599200.00000006,486362400.00000006,78938400.0,1078400400.0,2500564800.0,1991284800.0000002,748641600.0000001,2739926400.0,173155200.0,0.0,213897600.00000003,5627544000.000001,0.0,6705944400.000001,339944400.0,31830000.000000004,171882000.0,399784800.00000006,59840400.00000001,831399600.0000001,4639540800.0,159150000.0,132412800.00000001,138778800.0,5069882400.0,0.0,709172400.0000001,5901282000.000001,0.0,0.0,0.0,0.0,804662400.0000001,804662400.0000001,804662400.0000001,6705944400.000001,0.0,6705944400.000001,173155200.0,4671370800.0,4547870400.0,28.870319000244145
118,2019-12-31,SUN,27274800.0,0.0,27274800.0,533806800.0,544197200.0,94812400.0,1200091200.0,2602795200.0,2019634000.0,839024800.0,2858658800.0,157154800.0,0.0,244174400.0,5862783200.0,0.0,7062874400.0,577966000.0,40262800.0,54549600.0,276644400.0,71434000.0,966307200.0,4662692000.0,181832000.0,141569200.0,125983600.0,5112076800.0,0.0,714340000.0,6078384000.0,0.0,0.0,0.0,0.0,984490400.0,984490400.0,984490400.0,7062874400.0,0.0,7062874400.0,157154800.0,4702954800.0,4675680000.0,27.709597061920164
119,2018-12-31,SUN,76395200.0,0.0,76395200.0,560686200.0,510210800.0,87308800.0,1234601000.0,2109053200.0000002,2126787800.0000002,965853600.0,3092641400.0,0.0,0.0,219636200.0,5421330800.0,0.0,6655931800.0,562050400.0,6821000.0,124142200.0,124142200.0,487019400.0,1180033000.0,4065316000.0,32740800.000000004,140512600.0,167796600.0,4406366000.0,0.0,21827200.0,5586399000.0,0.0,0.0,0.0,-800785400.0,800785400.0,-800785400.0,-800785400.0,5586399000.0,0.0,5586399000.0,0.0,4072137000.0,3995741800.0,23.323607874298098
120,2022-12-30,VLO,6585092800.0,0.0,6585092800.0,16143093600.0,9144908800.0,23540826400.0,32685735200.0,43465404800.0,352144000.0,273588800.0,625732800.0,980585600.0,7065904800.0,-2229342400.0,49908285600.0,0.0,82594020800.0,17238803200.0,1923248000.0,3262749600.0,174717600.0,4312409600.0,23649178400.0,2906542400.0,0.0,7065904800.0,14478536000.0,24450983200.0,0.0,3242433600.0,48100161600.0,0.0,9480800.0,51801736800.0,-1840629600.0,-18059569600.0,31911018400.0,34493859200.0,82594020800.0,2582840800.0,82594020800.0,980585600.0,4829790400.0,-1755302400.0,166.32163645629885
121,2021-12-31,VLO,5225871600.0,0.0,5225871600.0,13157228400.0,7942767000.0,18890220000.0,26832987000.0,40735681800.0,329628000.0,276380400.0,606008400.0,930565200.0,3092164200.0,1192999800.0,46557419400.0,0.0,73390406400.0,15841161000.0,2001856200.0,2331484200.0,98888400.0,3421792200.0,21363697800.0,2238934800.0,16964431800.0,6605238000.0,1094111400.0,26902716000.0,0.0,2434176000.0,48266413800.0,0.0,8874600.0,35854651800.0,-1277942400.0,-11220030000.0,23365554000.0,25123992600.0,73390406400.0,1758438600.0,73390406400.0,930565200.0,2434176000.0,-2791695600.0,88.98749446563721
122,2020-12-31,VLO,4218111600.0000005,0.0,4218111600.0000005,7777978800.000001,7687581600.000001,12484999200.000002,20172580800.0,40224207600.0,331032000.0,315753600.0,646785600.0,1237550400.0,2918174400.0000005,719358000.0000001,45746076000.00001,0.0,65918656800.00001,7743602400.000001,1283385600.0,1889428800.0000002,71299200.0,2720828400.0,11819115600.000002,18893014800.0,2388523200.0,6716130000.000001,1093678800.0,29091346800.000004,0.0,1489644000.0000002,40910462400.0,0.0,8912400.0,36862959600.0,-1596592800.0000002,-11337846000.000002,23937433200.000004,25008194400.000004,65918656800.00001,1070761200.0000001,65918656800.00001,1237550400.0,20176400400.0,15958288800.000002,63.7177579284668
123,2019-12-31,VLO,3354800400.0,0.0,3354800400.0,11564515200.0,9108484400.0,15528452800.0,24636937200.0,39734188400.0,337688000.0,367560400.0,705248400.0,1223469600.0,2991136400.0,667583200.0,45321626000.0,0.0,69958563200.0,13254254000.0,1071510000.0,1963785600.0,71434000.0,2695010000.0,17092208000.0,13165935600.0,2563831200.0,6627776400.0,1239055200.0,23596598400.0,0.0,1675452000.0,40688806400.0,0.0,9091600.0,41527831200.0,-1754678800.0,-11464507600.0,28317736400.0,29269756800.0,69958563200.0,952020400.0,69958563200.0,1223469600.0,14237445600.0,10882645200.0,101.07242733154297
124,2018-12-31,VLO,4068044400.0,0.0,4068044400.0,10020049000.0,8910954400.0,15201280600.0,24112235000.0,39354441600.0,354692000.0,418809400.0,773501400.0,739396400.0,6769160400.0,-3327283800.0,44309216000.0,0.0,68421451000.00001,11723934800.0,324679600.0,1721620400.0,1721620400.0,859446000.0,14629680800.0,12101818200.0,2927573200.0,6769160400.0,983588200.0,22782140000.0,0.0,12101818200.0,37411820800.0,0.0,9549400.0,42350224800.0,-2055849400.0000002,-10745803400.0,29558121400.0,31009630200.0,68421451000.00001,1451508800.0,68421451000.00001,739396400.0,12426497800.0,8358453400.000001,81.49498409729004
125,2022-12-30,OVV,6772000.0,0.0,6772000.0,2061396800.0,0.0,227539200.0,2295708000.0,14001787200.0,3499769600.0,0.0,3499769600.0,28442400.0,367042400.0,199096800.0,18096138400.0,0.0,20391846400.0,590518400.0,643340000.0,5417600.0,0.0,2531373600.0,3765232000.0,5441979200.0,0.0,249209600.0,521444000.0,6212632800.0,0.0,1250111200.0,9977864800.0,0.0,4063200.0,-1464106400.0,1342210400.0,10531814400.0,10413981600.0,10413981600.0,20391846400.0,0.0,20391846400.0,28442400.0,6085319200.0,6078547200.0,66.78458753356934
126,2021-12-31,OVV,247221000.0,0.0,247221000.0,1631658600.0,0.0,0.0,2011998600.0,12284982000.0,3331778400.0,0.0,3331778400.0,34230600.0,134386800.0,21552600.0,15806930400.0,0.0,17818929000.0,415838400.0,86210400.0,5071200.0,2090602200.0,891263400.0,3483914400.0,7236602400.0,645310200.0,5071200.0,15213600.0,7902197400.0,0.0,1255122000.0,11386111800.0,0.0,3803400.0,-5678476200.0,1384437600.0,10723052400.0,6432817200.0,6432817200.0,17818929000.0,0.0,17818929000.0,34230600.0,7322812800.0,7075591800.0,40.78123047866821
127,2020-12-31,OVV,12732000.000000002,0.0,12732000.000000002,1420891200.0000002,0.0,0.0,1587680400.0000002,13293481200.000002,3342150000.0000005,0.0,3342150000.0000005,38196000.0,96763200.00000001,63660000.00000001,16834250400.000002,0.0,18421930800.0,389599200.00000006,850497600.0000001,3819600.0000000005,1679350800.0000002,165516000.0,3084963600.0000005,9350380800.0,854317200.0000001,25464000.000000004,221536800.00000003,10451698800.0,0.0,1434896400.0000002,13536662400.000002,0.0,3819600.0000000005,-7350183600.000001,1369963200.0,10861669200.0,4885268400.0,4885268400.0,18421930800.0,0.0,18421930800.0,38196000.0,10200878400.0,10188146400.0,17.185600358963015
128,2019-12-31,OVV,246772000.0,0.0,246772000.0,1863778000.0,0.0,0.0,2427457200.0,21089914400.0,3391166800.0,0.0,3391166800.0,36366400.0,780578800.0,181832000.0,25479858400.0,0.0,27907315600.0,461074000.0,216899600.0,1298800.0,2332644800.0,148063200.0,3158681600.0,10483913600.0,853311600.0,281839600.0,232485200.0,11851550000.0,0.0,1642982000.0,15010231600.0,0.0,9170826800.0,546794800.0,1358544800.0,1820917600.0,12897084000.0,12897084000.0,27907315600.0,0.0,27907315600.0,36366400.0,10700813200.0,10454041200.0,26.92885498046875
129,2018-12-31,OVV,1443323600.0,0.0,1443323600.0,1321909800.0,0.0,885365800.0,3650599200.0,12239602400.0,3482802600.0,0.0,3482802600.0,30012400.0,1139107000.0,390161200.0,17281685600.0,0.0,20932284800.0,317858600.0,796692800.0,1364200.0,1364200.0,1634311600.0,2750227200.0,7002438600.0,731211200.0,36833400.0,252377000.0,8022860200.0,0.0,2072219800.0000002,10773087400.0,0.0,6351715200.0,593427000.0,1361471600.0,1852583600.0,10159197400.0,10159197400.0,20932284800.0,0.0,20932284800.0,30012400.0,7799131400.0,6355807800.0,34.32773162841797
